UserId,Chunk,ChunkHash,ChunkCount,ChunkType
1,c#,103,2,tag
1,datetime,270,2,tag
1,.net,321,1,tag
1,timespan,323,1,tag
2,c#,103,1,tag
2,linq,416,1,tag
2,query,417,1,tag
2,web-services,593,1,tag
2,.net-3.5,594,1,tag
2,mysql,598,1,tag
2,database,609,1,tag
2,sql-server,1685,1,tag
2,indexing,15414,1,tag
2,full-text-search,18980,1,tag
5,css,215,1,tag
5,asp.net,3754,1,tag
5,javascript,10198,1,tag
5,keyboard,13532,1,tag
5,ergonomics,30619,1,tag
5,rsi,30620,1,tag
8,c#,103,1,tag
9,html,221,2,tag
9,c#,103,1,tag
9,css,215,1,tag
9,internet-explorer-7,223,1,tag
9,conversion,227,1,tag
9,j#,256,1,tag
9,time,290,1,tag
9,browser,369,1,tag
9,timezone,371,1,tag
11,c#,103,1,tag
11,math,404,1,tag
13,language-agnostic,1273,2,tag
13,math,404,1,tag
13,pi,616,1,tag
13,performance,1271,1,tag
13,algorithm,1272,1,tag
13,unix,1274,1,tag
13,linux,3021,1,tag
13,fun,5564,1,tag
13,discussion,7821,1,tag
13,floating-point,19055,1,tag
13,icedtea,107797,1,tag
13,openjdk,107815,1,tag
13,java-7,107941,1,tag
15,mysql,598,6,tag
15,browser,369,3,tag
15,python,7730,3,tag
15,teamwork,57428,3,tag
15,language-agnostic,1273,2,tag
15,php,1279,2,tag
15,javascript,10198,2,tag
15,client-scripting,94567,2,tag
15,code,39,1,tag
15,c#,103,1,tag
15,.net,321,1,tag
15,query,417,1,tag
15,database,609,1,tag
15,update,1406,1,tag
15,sql-server,1685,1,tag
15,ruby,2322,1,tag
15,version-control,4983,1,tag
15,webbrowser,5136,1,tag
15,sqlite,6528,1,tag
15,deployment,6777,1,tag
15,podcast,7685,1,tag
15,discussion,7821,1,tag
15,ruby-on-rails,10171,1,tag
15,release-management,11886,1,tag
15,user-interface,12367,1,tag
15,keyboard,13532,1,tag
15,dvorak,13728,1,tag
15,productivity,13741,1,tag
15,postgresql,15007,1,tag
15,colemak,16518,1,tag
15,qwerty,16533,1,tag
15,dom,17362,1,tag
15,projects,20986,1,tag
15,regex,21387,1,tag
15,ergonomics,30619,1,tag
15,teaching,49243,1,tag
15,caching,51524,1,tag
15,groupwork,57429,1,tag
15,coding-style,57660,1,tag
15,diplomacy,57663,1,tag
15,breaks,69807,1,tag
15,mental-health,69808,1,tag
15,programming-languages,73940,1,tag
15,leader,79034,1,tag
15,project-planning,85710,1,tag
15,if-statement,98563,1,tag
17,.net,321,1,tag
17,linq,416,1,tag
17,.net-3.5,594,1,tag
17,language-agnostic,1273,1,tag
17,polls,11210,1,tag
17,powershell,11657,1,tag
17,cmdlets,39230,1,tag
17,crc32,128503,1,tag
22,flex,1580,2,tag
22,actionscript-3,1581,2,tag
22,mysql,598,1,tag
22,database,609,1,tag
22,triggers,1427,1,tag
22,air,2588,1,tag
23,c,19,1,tag
23,c++,1436,1,tag
23,sockets,1511,1,tag
23,mainframe,1512,1,tag
23,zos,1513,1,tag
25,ruby,2322,7,tag
25,c,19,1,tag
25,c#,103,1,tag
25,printf,837,1,tag
25,language-agnostic,1273,1,tag
25,unix,1274,1,tag
25,console,1691,1,tag
25,text,1989,1,tag
25,rdoc,2320,1,tag
25,linux,3021,1,tag
25,interop,3300,1,tag
25,editor,3461,1,tag
25,java,3846,1,tag
25,python,7730,1,tag
25,open-source,10967,1,tag
25,qt,12293,1,tag
25,encryption,13302,1,tag
25,bash,26510,1,tag
25,xfdl,27086,1,tag
25,compression,31444,1,tag
25,singleton,72518,1,tag
25,design-patterns,72573,1,tag
25,base64,108620,1,tag
25,gzip,108711,1,tag
25,qstring,126488,1,tag
26,flex,1580,7,tag
26,actionscript-3,1581,6,tag
26,air,2588,6,tag
26,osx,10245,2,tag
26,asp.net,3754,1,tag
26,sqlite,6528,1,tag
26,iis,11958,1,tag
26,obfuscation,38599,1,tag
27,visual-studio,7566,1,tag
27,continuous-integration,10979,1,tag
27,unit-testing,11368,1,tag
27,cruisecontrol.net,16170,1,tag
30,vb.net,93,1,tag
30,mysql,598,1,tag
30,database,609,1,tag
30,php,1279,1,tag
30,apache,4723,1,tag
30,visual-studio,7566,1,tag
30,python,7730,1,tag
30,installer,11447,1,tag
30,clickonce,55928,1,tag
32,datatable,413,1,tag
32,sql-server,1685,1,tag
33,vb.net,93,2,tag
33,c#,103,2,tag
33,.net,321,2,tag
33,memory,1531,1,tag
33,sql,1587,1,tag
33,sql-server,1685,1,tag
33,timer,1688,1,tag
33,books,11209,1,tag
33,training,29573,1,tag
33,memory-management,41996,1,tag
34,.net,321,2,tag
34,css,215,1,tag
34,html,221,1,tag
34,database,609,1,tag
34,text,1989,1,tag
34,ruby,2322,1,tag
34,web-development,8713,1,tag
34,hosting,15027,1,tag
35,sql-server,1685,1,tag
35,full-text-search,18980,1,tag
36,c#,103,1,tag
36,image,9611,1,tag
36,artificial-intelligence,19736,1,tag
36,image-processing,29790,1,tag
37,php,1279,1,tag
37,plugins,1845,1,tag
37,architecture,1924,1,tag
39,c#,103,1,tag
39,.net,321,1,tag
39,performance,1271,1,tag
39,memory,1531,1,tag
39,com-interop,3327,1,tag
40,html,221,1,tag
40,php,1279,1,tag
40,form-submit,2131,1,tag
40,windows,3332,1,tag
40,shell,3361,1,tag
40,unit-testing,11368,1,tag
40,iis,11958,1,tag
40,terminal,22352,1,tag
40,command-line,26265,1,tag
41,c#,103,1,tag
41,user-interface,12367,1,tag
41,directx,74984,1,tag
42,setup,4424,1,tag
42,visual-studio,7566,1,tag
42,msbuild,16172,1,tag
42,build-automation,34409,1,tag
42,wix,56105,1,tag
42,vdproj,60548,1,tag
44,sql,1587,1,tag
44,sql-server,1685,1,tag
44,backup,26673,1,tag
45,c#,103,2,tag
45,css,215,1,tag
45,linq,416,1,tag
45,.net-3.5,594,1,tag
45,colors,5547,1,tag
45,templates,40215,1,tag
45,web-design,40216,1,tag
46,performance,1271,1,tag
46,algorithm,1272,1,tag
46,language-agnostic,1273,1,tag
46,oop,4147,1,tag
46,complexity,11648,1,tag
46,pass-by-reference,16878,1,tag
46,pass-by-value,16879,1,tag
46,parameters,24508,1,tag
46,optimization,33361,1,tag
46,big-o,52462,1,tag
48,mysql,598,1,tag
48,php,1279,1,tag
48,sql,1587,1,tag
48,sql-server,1685,1,tag
48,csv,3841,1,tag
48,bcp,4207,1,tag
48,development,6573,1,tag
48,tools,10978,1,tag
48,polls,11210,1,tag
49,email,6360,1,tag
49,email-spam,8871,1,tag
50,css,215,1,tag
50,html,221,1,tag
50,editor,3461,1,tag
50,frameworks,17384,1,tag
50,content-management-system,64927,1,tag
50,webcam,64933,1,tag
50,video-streaming,65002,1,tag
51,.net,321,2,tag
51,double,13,1,tag
51,convert,65,1,tag
51,c#,103,1,tag
51,database,609,1,tag
51,int,893,1,tag
51,asp.net,3754,1,tag
51,visual-studio,7566,1,tag
51,microsoft,8006,1,tag
51,computer,13689,1,tag
51,datacontext,30973,1,tag
51,linq-to-sql,31326,1,tag
51,windows-vista,62059,1,tag
51,windows-xp,68787,1,tag
51,operating-system,68789,1,tag
52,language-agnostic,1273,3,tag
52,svn,2584,1,tag
52,security,5035,1,tag
52,books,11209,1,tag
52,polls,11210,1,tag
52,productivity,13741,1,tag
52,cvs,21688,1,tag
52,legal,27772,1,tag
52,hacking,27773,1,tag
52,ethics,27774,1,tag
52,project-hosting,31973,1,tag
52,easter-eggs,77057,1,tag
55,unix,1274,1,tag
55,windows,3332,1,tag
55,statistics,27515,1,tag
55,process-management,65330,1,tag
56,c#,103,2,tag
56,.net,321,2,tag
56,javascript,10198,1,tag
56,cls,100049,1,tag
56,cls-compliant,100077,1,tag
56,unsigned-integer,100079,1,tag
58,php,1279,4,tag
58,svn,2584,4,tag
58,tortoisesvn,3217,3,tag
58,oop,4147,3,tag
58,mysql,598,2,tag
58,tools,10978,2,tag
58,css,215,1,tag
58,html,221,1,tag
58,database,609,1,tag
58,theory,686,1,tag
58,performance,1271,1,tag
58,sql,1587,1,tag
58,plugins,1845,1,tag
58,subclipse,2369,1,tag
58,aptana,2371,1,tag
58,website,2411,1,tag
58,eclipse,2419,1,tag
58,tutorials,3218,1,tag
58,windows,3332,1,tag
58,default,3771,1,tag
58,java,3846,1,tag
58,apache,4723,1,tag
58,security,5035,1,tag
58,interpreted,5623,1,tag
58,integration,7513,1,tag
58,web-development,8713,1,tag
58,build-process,8715,1,tag
58,code-review,9531,1,tag
58,design,10567,1,tag
58,variables,16830,1,tag
58,pass-by-reference,16878,1,tag
58,pass-by-value,16879,1,tag
58,xampp,23702,1,tag
58,server-configuration,23821,1,tag
58,parameters,24508,1,tag
58,methods,24509,1,tag
58,peer-review,26049,1,tag
58,communities,26050,1,tag
58,hacking,27773,1,tag
58,howto,37052,1,tag
58,diagram,38181,1,tag
58,database-design,38296,1,tag
58,cracking,47285,1,tag
58,hijacked,47286,1,tag
58,procedural,48715,1,tag
58,maintainability,48783,1,tag
58,fogbugz,51269,1,tag
58,internet-explorer,54716,1,tag
58,customization,99845,1,tag
58,foreign-keys,100548,1,tag
59,database,609,2,tag
59,php,1279,2,tag
59,language-agnostic,1273,1,tag
59,sql,1587,1,tag
59,xml,3772,1,tag
59,security,5035,1,tag
59,format,5571,1,tag
59,protocol-buffers,28281,1,tag
60,sql-server,1685,2,tag
60,migration,6175,1,tag
60,windows-server-2008,23482,1,tag
61,c++,1436,3,tag
61,c,19,2,tag
61,unix,1274,2,tag
61,linux,3021,2,tag
61,language-agnostic,1273,1,tag
61,memory,1531,1,tag
61,timer,1688,1,tag
61,types,2232,1,tag
61,gtk,6862,1,tag
61,x11,7178,1,tag
61,heap,19057,1,tag
61,stack,19566,1,tag
62,windows,3332,1,tag
62,mailto,6288,1,tag
63,c++,1436,1,tag
63,oop,4147,1,tag
65,language-agnostic,1273,3,tag
65,colors,5547,3,tag
65,algorithm,1272,2,tag
65,youtube,5229,1,tag
65,annotations,5380,1,tag
65,reverse-engineering,5382,1,tag
65,color-space,5548,1,tag
67,asp.net,3754,2,tag
67,c#,103,1,tag
67,ajax,17365,1,tag
67,viewstate,18475,1,tag
67,asp.net-ajax,35913,1,tag
71,.net,321,3,tag
71,database,609,2,tag
71,vb.net,93,1,tag
71,c#,103,1,tag
71,web-services,593,1,tag
71,sql,1587,1,tag
71,sql-server,1685,1,tag
71,ascii,3539,1,tag
71,hex,3753,1,tag
71,xsd,4412,1,tag
71,documentation,5822,1,tag
71,sqlite,6528,1,tag
71,software-engineering,25730,1,tag
71,statistics,27515,1,tag
71,logging,42755,1,tag
71,software-lifecycle,84131,1,tag
72,svn,2584,2,tag
72,mysql,598,1,tag
72,database,609,1,tag
72,php,1279,1,tag
72,windows,3332,1,tag
72,64bit,3335,1,tag
72,migration,6175,1,tag
72,lingo,27793,1,tag
72,shockwave,27886,1,tag
75,c,19,1,tag
75,string,492,1,tag
75,linux,3021,1,tag
75,shell,3361,1,tag
75,dash,17161,1,tag
75,bash,26510,1,tag
75,ksh,40665,1,tag
76,sql-server,1685,1,tag
76,tsql,61055,1,tag
77,c#,103,1,tag
77,windows,3332,1,tag
77,forms,6635,1,tag
77,data-binding,10560,1,tag
78,vb.net,93,1,tag
78,datatable,413,1,tag
78,asp.net,3754,1,tag
78,xml,3772,1,tag
78,csv,3841,1,tag
78,java,3846,1,tag
78,data-conversion,3888,1,tag
78,dataview,123310,1,tag
79,math,404,2,tag
79,system,1077,1,tag
79,maps,3756,1,tag
79,mapping,14657,1,tag
79,linear-algebra,15201,1,tag
79,linear-equation,15203,1,tag
79,latitude,30557,1,tag
79,longitude,30558,1,tag
81,vb.net,93,1,tag
81,c#,103,1,tag
81,file,2228,1,tag
81,csv,3841,1,tag
81,import,5946,1,tag
83,asp.net,3754,3,tag
83,vb.net,93,2,tag
83,.net,321,2,tag
83,svn,2584,2,tag
83,iphone,9304,2,tag
83,favicon,24968,2,tag
83,apple-touch-icon,24969,2,tag
83,html,221,1,tag
83,http,357,1,tag
83,database,609,1,tag
83,sql,1587,1,tag
83,sql-server,1685,1,tag
83,file,2228,1,tag
83,tortoisesvn,3217,1,tag
83,windows,3332,1,tag
83,membership,3815,1,tag
83,navigation,3837,1,tag
83,sitemap,3839,1,tag
83,versioning,4759,1,tag
83,version-control,4983,1,tag
83,pdf,5473,1,tag
83,session,8063,1,tag
83,filesystems,18882,1,tag
83,utilities,22993,1,tag
85,unix,1274,1,tag
85,linux,3021,1,tag
85,version-control,4983,1,tag
85,git,6494,1,tag
85,vi,18391,1,tag
86,firefox,160,1,tag
86,javascript,10198,1,tag
86,del.icio.us,70472,1,tag
86,delicious-api,70684,1,tag
87,time,290,1,tag
87,cron,9982,1,tag
87,settings,15524,1,tag
87,country,18686,1,tag
87,ip-address,18710,1,tag
87,lookup,18711,1,tag
91,.net,321,6,tag
91,c#,103,4,tag
91,windows,3332,3,tag
91,asp.net,3754,3,tag
91,sql-server,1685,2,tag
91,msbuild,16172,2,tag
91,vb.net,93,1,tag
91,query,417,1,tag
91,.net-3.5,594,1,tag
91,mysql,598,1,tag
91,database,609,1,tag
91,compiler,1202,1,tag
91,language-agnostic,1273,1,tag
91,php,1279,1,tag
91,svn,2584,1,tag
91,apache,4723,1,tag
91,media,4777,1,tag
91,embed,4903,1,tag
91,internationalization,5772,1,tag
91,globalization,5773,1,tag
91,scripting,6638,1,tag
91,deployment,6777,1,tag
91,visual-studio,7566,1,tag
91,discussion,7821,1,tag
91,release-management,11886,1,tag
91,iis,11958,1,tag
91,hardware,13740,1,tag
91,embedded-database,14244,1,tag
91,cruisecontrol.net,16170,1,tag
91,winhelp,19939,1,tag
91,chm,19965,1,tag
91,nant,20837,1,tag
91,virtualization,41389,1,tag
91,vmware,49940,1,tag
91,shader,111294,1,tag
92,python,7730,3,tag
92,teaching,49243,2,tag
92,c,19,1,tag
92,web,329,1,tag
92,binary,595,1,tag
92,language-agnostic,1273,1,tag
92,sql,1587,1,tag
92,sql-server,1685,1,tag
92,syntax,2935,1,tag
92,tutorials,3218,1,tag
92,schema,4646,1,tag
92,discussion,7821,1,tag
92,django,14662,1,tag
92,hosting,15027,1,tag
92,web-applications,21149,1,tag
92,literals,24762,1,tag
92,resources,27382,1,tag
92,concepts,28313,1,tag
92,ddl,77195,1,tag
93,wpf,4768,2,tag
93,silverlight,4844,2,tag
93,c#,103,1,tag
93,.net,321,1,tag
93,documentation,5822,1,tag
93,visual-studio,7566,1,tag
93,binding,10344,1,tag
93,xslt,16598,1,tag
93,sandcastle,16621,1,tag
93,xml-comments,16744,1,tag
93,polymorphism,25282,1,tag
93,dependency-properties,25283,1,tag
93,xaml,120280,1,tag
95,database,609,2,tag
95,sql-server,1685,2,tag
95,.net,321,1,tag
95,sql,1587,1,tag
95,ide,7526,1,tag
95,visual-studio,7566,1,tag
95,intellisense,9842,1,tag
96,c#,103,2,tag
96,printing,5050,2,tag
96,html,221,1,tag
96,.net,321,1,tag
96,web-services,593,1,tag
96,windows-services,126906,1,tag
100,.net,321,1,tag
100,version-control,4983,1,tag
100,colors,5547,1,tag
100,git,6494,1,tag
100,dvcs,6527,1,tag
100,rgb,41674,1,tag
100,hsl,45476,1,tag
100,t4,69459,1,tag
100,dsl,69464,1,tag
100,vsx,69496,1,tag
101,algorithm,1272,1,tag
101,language-agnostic,1273,1,tag
102,flex,1580,1,tag
102,flash,4678,1,tag
103,php,1279,2,tag
103,remote,2426,1,tag
103,syntax,2935,1,tag
103,forms,6635,1,tag
104,c++,1436,1,tag
104,berkeley-db,7299,1,tag
105,svn,2584,1,tag
105,collaboration,7408,1,tag
106,sql,1587,2,tag
106,vb.net,93,1,tag
106,database,609,1,tag
106,date,2670,1,tag
106,version-control,4983,1,tag
106,team,9353,1,tag
106,permissions,24352,1,tag
106,planning,39462,1,tag
106,work-hours,83258,1,tag
109,c#,103,1,tag
109,sorting,7665,1,tag
111,c#,103,3,tag
111,.net,321,2,tag
111,windows,3332,1,tag
111,asp.net,3754,1,tag
111,xml,3772,1,tag
111,forms,6635,1,tag
111,visual-studio,7566,1,tag
111,python,7730,1,tag
111,scheduled-tasks,10005,1,tag
111,javascript,10198,1,tag
111,unit-testing,11368,1,tag
115,string,492,1,tag
115,language-agnostic,1273,1,tag
115,php,1279,1,tag
115,generation,2604,1,tag
115,cross-platform,8603,1,tag
115,passwords,13230,1,tag
115,encryption,13302,1,tag
115,random,22833,1,tag
116,database,609,4,tag
116,sql,1587,4,tag
116,python,7730,4,tag
116,web,329,2,tag
116,oracle,12149,2,tag
116,cx-oracle,12163,2,tag
116,html,221,1,tag
116,http,357,1,tag
116,browser,369,1,tag
116,performance,1271,1,tag
116,security,5035,1,tag
116,mapping,14657,1,tag
116,gis,14658,1,tag
116,postgresql,15007,1,tag
116,multithreading,19669,1,tag
116,malloc,20322,1,tag
116,sql-injection,22007,1,tag
116,curl,42670,1,tag
116,screen-scraping,43110,1,tag
116,html-parsing,43111,1,tag
116,web-scraping,43112,1,tag
116,html-content-extraction,43113,1,tag
116,google-perftools,111578,1,tag
117,unix,1274,1,tag
117,php,1279,1,tag
117,linux,3021,1,tag
117,shell,3361,1,tag
117,oop,4147,1,tag
117,web-development,8713,1,tag
117,ant,8714,1,tag
117,build-process,8715,1,tag
117,phing,8716,1,tag
117,joeltest,8717,1,tag
117,fonts,10273,1,tag
117,unicode,16976,1,tag
117,bash,26510,1,tag
117,ergonomics,30619,1,tag
117,rsi,30620,1,tag
117,utf-8,89516,1,tag
118,vb.net,93,1,tag
118,.net,321,1,tag
118,vb6,9054,1,tag
118,vb6-migration,9303,1,tag
120,svn,2584,1,tag
120,cruisecontrol.net,16170,1,tag
120,msbuild,16172,1,tag
121,c#,103,2,tag
121,.net,321,2,tag
121,python,7730,1,tag
121,io,22291,1,tag
121,erlang,40670,1,tag
121,profiling,61250,1,tag
121,profiler,61251,1,tag
121,application-advice,61252,1,tag
122,java,3846,6,tag
122,exception,4581,2,tag
122,firefox,160,1,tag
122,j#,256,1,tag
122,timezone,371,1,tag
122,memory,1531,1,tag
122,null,1574,1,tag
122,svn,2584,1,tag
122,linux,3021,1,tag
122,generics,8961,1,tag
122,warnings,8962,1,tag
122,casting,8963,1,tag
122,type-safety,8964,1,tag
122,javascript,10198,1,tag
122,compiz,12583,1,tag
122,metacity,12588,1,tag
122,cpu,19220,1,tag
122,lisp,31588,1,tag
122,macros,31714,1,tag
122,merge,50203,1,tag
122,nullpointerexception,60863,1,tag
122,primitive,66289,1,tag
122,autoboxing,66349,1,tag
122,mocking,67101,1,tag
123,code-review,9531,2,tag
123,collaboration,7408,1,tag
123,hash,7602,1,tag
123,team,9353,1,tag
123,guidelines,9539,1,tag
123,whats-your-favourite,9597,1,tag
123,gravatar,9602,1,tag
123,exploit,9664,1,tag
123,windows-mobile,9896,1,tag
123,pocketpc,9897,1,tag
123,ie-mobile,9898,1,tag
124,mysql,598,1,tag
124,ruby,2322,1,tag
124,ruby-on-rails,10171,1,tag
131,mysql,598,1,tag
131,php,1279,1,tag
131,debugging,13217,1,tag
133,vb.net,93,2,tag
133,.net,321,1,tag
133,asp.net,3754,1,tag
133,convention,52289,1,tag
134,search,6329,1,tag
134,lucene,8965,1,tag
135,sql,1587,1,tag
135,sql-server,1685,1,tag
135,asp.net,3754,1,tag
135,asp.net-mvc,30926,1,tag
136,ruby,2322,3,tag
136,http,357,2,tag
136,ruby-on-rails,10171,2,tag
136,c,19,1,tag
136,web,329,1,tag
136,mysql,598,1,tag
136,language-agnostic,1273,1,tag
136,sql,1587,1,tag
136,architecture,1924,1,tag
136,editor,3461,1,tag
136,article,3826,1,tag
136,library,3853,1,tag
136,flash,4678,1,tag
136,web-development,8713,1,tag
136,iphone,9304,1,tag
136,osx,10245,1,tag
136,authentication,10986,1,tag
136,graph,20850,1,tag
136,data-structures,20980,1,tag
136,vim,24769,1,tag
136,emacs,24771,1,tag
136,forum,31948,1,tag
136,payment,39064,1,tag
137,php,1279,2,tag
137,svn,2584,2,tag
137,video,3830,2,tag
137,flash,4678,2,tag
137,osx,10245,2,tag
137,javascript,10198,1,tag
137,polls,11210,1,tag
137,frameworks,17384,1,tag
137,regex,21387,1,tag
137,ternary-operator,28757,1,tag
137,textwrangler,35925,1,tag
143,c#,103,2,tag
143,.net,321,2,tag
143,visual-studio,7566,1,tag
143,keyboard,13532,1,tag
143,hardware,13740,1,tag
143,productivity,13741,1,tag
143,peripherals,13742,1,tag
145,language-agnostic,1273,3,tag
145,user-interface,12367,2,tag
145,api,1434,1,tag
145,application,1672,1,tag
145,ruby,2322,1,tag
145,library,3853,1,tag
145,oop,4147,1,tag
145,python,7730,1,tag
145,primes,12443,1,tag
145,monkeypatching,18382,1,tag
145,simulation,29074,1,tag
145,development-environment,29540,1,tag
145,scheduling,29541,1,tag
145,organizing,29542,1,tag
147,python,7730,2,tag
147,windows,3332,1,tag
147,pdf,5473,1,tag
147,arrays,6280,1,tag
147,image,9611,1,tag
147,photoshop,10196,1,tag
147,javascript,10198,1,tag
147,osx,10245,1,tag
147,fonts,10273,1,tag
149,asp.net,3754,1,tag
149,version-control,4983,1,tag
149,dvcs,6527,1,tag
149,visual-studio,7566,1,tag
149,javascript,10198,1,tag
149,validation,11101,1,tag
149,resources,27382,1,tag
149,jobs,30202,1,tag
149,job-boards,81964,1,tag
150,web,329,1,tag
150,php,1279,1,tag
150,web-applications,21149,1,tag
151,ruby,2322,1,tag
151,crash,3410,1,tag
151,ruby-on-rails,10171,1,tag
152,language-agnostic,1273,1,tag
152,data-structures,20980,1,tag
154,python,7730,1,tag
154,tools,10978,1,tag
154,continuous-integration,10979,1,tag
154,extreme-programming,10980,1,tag
155,sockets,1511,1,tag
155,ruby,2322,1,tag
155,dns,21108,1,tag
155,nslookup,47810,1,tag
157,testing,763,1,tag
157,language-agnostic,1273,1,tag
157,unit-testing,11368,1,tag
159,rational,19325,1,tag
159,purify,19326,1,tag
159,memory-leaks,86567,1,tag
162,sql-server,1685,2,tag
162,ftp,7501,1,tag
163,firefox,160,1,tag
163,extension,2264,1,tag
163,javascript,10198,1,tag
163,dom,17362,1,tag
164,informix,89094,1,tag
164,spl,89095,1,tag
172,c#,103,1,tag
172,server,343,1,tag
172,php,1279,1,tag
172,windows,3332,1,tag
172,exchange,11891,1,tag
172,mapi,12142,1,tag
172,mouse,29545,1,tag
172,winapi,29674,1,tag
173,.net,321,1,tag
173,database,609,1,tag
173,ide,7526,1,tag
173,python,7730,1,tag
173,tools,10978,1,tag
173,code-completion,14084,1,tag
173,wing-ide,14085,1,tag
173,ado.net,41510,1,tag
177,linq,416,1,tag
177,performance,1271,1,tag
177,sql-server,1685,1,tag
177,linq-to-sql,31326,1,tag
179,c++,1436,1,tag
179,visual-studio,7566,1,tag
179,compatibility,12248,1,tag
179,windows-nt,12249,1,tag
184,challenge,643,1,tag
184,performance,1271,1,tag
184,numbers,12441,1,tag
184,puzzle,12442,1,tag
184,primes,12443,1,tag
186,data,596,1,tag
186,database,609,1,tag
186,algorithm,1272,1,tag
186,language-agnostic,1273,1,tag
186,sql-server,1685,1,tag
188,c,19,1,tag
188,malloc,20322,1,tag
189,web,329,1,tag
189,oop,4147,1,tag
189,python,7730,1,tag
189,django,14662,1,tag
189,views,14788,1,tag
191,database,609,2,tag
191,sql,1587,2,tag
191,inheritance,90760,1,tag
192,language-agnostic,1273,3,tag
192,asp.net,3754,3,tag
192,.net,321,2,tag
192,http,357,2,tag
192,code,39,1,tag
192,c#,103,1,tag
192,header,358,1,tag
192,string,492,1,tag
192,format,5571,1,tag
192,path,5817,1,tag
192,authentication,10986,1,tag
192,iis,11958,1,tag
192,active-directory,13228,1,tag
192,title-case,14808,1,tag
192,reflection,14858,1,tag
192,ajax,17365,1,tag
192,queue,22012,1,tag
192,collections,22082,1,tag
192,webcontrols,33866,1,tag
192,webserver,35311,1,tag
192,mappath,51228,1,tag
192,etag,70262,1,tag
193,asp-classic,15514,2,tag
193,vbscript,35245,2,tag
193,html,221,1,tag
193,web,329,1,tag
193,asp.net,3754,1,tag
193,arrays,6280,1,tag
193,checkbox,10030,1,tag
193,mvc,30807,1,tag
193,asp.net-mvc,30926,1,tag
193,linq-to-sql,31326,1,tag
194,c#,103,3,tag
194,asp.net,3754,2,tag
194,.net,321,1,tag
194,server,343,1,tag
194,c++,1436,1,tag
194,sockets,1511,1,tag
194,svn,2584,1,tag
194,version-control,4983,1,tag
194,windows-mobile,9896,1,tag
194,hosting,15027,1,tag
194,jobs,30202,1,tag
194,mvc,30807,1,tag
194,asp.net-mvc,30926,1,tag
194,graphics,37149,1,tag
194,events,75837,1,tag
194,career-development,96909,1,tag
194,compact-framework,109789,1,tag
195,c#,103,2,tag
195,documentation,5822,1,tag
195,data-binding,10560,1,tag
195,conventions,52337,1,tag
198,language,621,1,tag
198,theory,686,1,tag
198,java,3846,1,tag
198,build-process,8715,1,tag
198,turing-machines,116566,1,tag
198,turing-complete,116567,1,tag
199,linux,3021,1,tag
199,arrays,6280,1,tag
199,gtk,6862,1,tag
199,python,7730,1,tag
199,open-source,10967,1,tag
199,user-interface,12367,1,tag
199,iteration,13531,1,tag
199,ssh,26252,1,tag
200,language-agnostic,1273,1,tag
200,internationalization,5772,1,tag
200,unicode,16976,1,tag
200,localization,17100,1,tag
200,vague,17102,1,tag
202,c#,103,1,tag
202,csv,3841,1,tag
203,svn,2584,1,tag
203,git,6494,1,tag
203,conferences,18073,1,tag
204,database,609,1,tag
204,php,1279,1,tag
204,sql-server,1685,1,tag
204,svn,2584,1,tag
204,linux,3021,1,tag
204,tutorials,3218,1,tag
204,windows,3332,1,tag
204,software,3421,1,tag
204,xml,3772,1,tag
204,version-control,4983,1,tag
204,scripting,6638,1,tag
204,ide,7526,1,tag
204,db2,13807,1,tag
204,odbc,13967,1,tag
204,ibm-midrange,13969,1,tag
204,windows-server-2003,17338,1,tag
204,vim,24769,1,tag
204,text-editor,39194,1,tag
205,asp.net,3754,2,tag
205,.net,321,1,tag
205,configuration,1113,1,tag
205,xml,3772,1,tag
205,mapping,14657,1,tag
205,gis,14658,1,tag
205,asp-classic,15514,1,tag
205,innerxml,59192,1,tag
205,xelement,59195,1,tag
206,c#,103,1,tag
206,.net,321,1,tag
206,data-structures,20980,1,tag
206,marshalling,43458,1,tag
207,python,7730,2,tag
207,iteration,13531,1,tag
207,unicode,16976,1,tag
209,c,19,1,tag
209,c++,1436,1,tag
209,game-development,65744,1,tag
209,devkitpro,114578,1,tag
214,.net,321,2,tag
214,date,2670,1,tag
214,library,3853,1,tag
214,free,5043,1,tag
214,internationalization,5772,1,tag
214,globalization,5773,1,tag
214,ocr,19740,1,tag
219,perl,39930,2,tag
219,html,221,1,tag
219,xml,3772,1,tag
219,reference,4594,1,tag
219,each,5253,1,tag
219,arrays,6280,1,tag
219,hash,7602,1,tag
219,iteration,13531,1,tag
219,scalar,49720,1,tag
219,comments,80795,1,tag
219,sgml,85581,1,tag
222,c++,1436,1,tag
222,cpu,19220,1,tag
222,throttle,23867,1,tag
224,c#,103,1,tag
224,linq,416,1,tag
224,visual-studio,7566,1,tag
224,microsoft,8006,1,tag
224,tools,10978,1,tag
224,msdn,28828,1,tag
225,vb.net,93,1,tag
225,asp.net,3754,1,tag
225,design,10567,1,tag
225,user-interface,12367,1,tag
227,indexing-service,45601,2,tag
227,cisvc,45603,2,tag
227,.net,321,1,tag
227,internationalization,5772,1,tag
227,search,6329,1,tag
227,email,6360,1,tag
227,tools,10978,1,tag
227,mapi,12142,1,tag
227,ocr,19740,1,tag
227,modi,29762,1,tag
227,freeware,33271,1,tag
227,icons,33344,1,tag
227,turkish,45499,1,tag
227,dep,45768,1,tag
227,pinvoke,69769,1,tag
230,sql-server,1685,3,tag
230,sql,1587,2,tag
230,.net,321,1,tag
230,database,609,1,tag
230,oop,4147,1,tag
230,visual-studio,7566,1,tag
230,design,10567,1,tag
230,orm,15389,1,tag
230,object-database,15453,1,tag
230,regex,21387,1,tag
230,subsonic,23261,1,tag
230,nhibernate,23263,1,tag
230,projects-and-solutions,27263,1,tag
230,log4net,96126,1,tag
230,msdtc,122778,1,tag
231,c#,103,2,tag
231,adobe,2587,1,tag
231,flash,4678,1,tag
231,web-development,8713,1,tag
231,winforms,10341,1,tag
231,macromedia,18792,1,tag
232,sftp,15459,1,tag
232,asp-classic,15514,1,tag
233,c#,103,1,tag
233,.net,321,1,tag
233,asp.net,3754,1,tag
233,setup,4424,1,tag
233,exception,4581,1,tag
233,visual-studio,7566,1,tag
233,registry,15523,1,tag
233,permissions,24352,1,tag
233,logging,42755,1,tag
234,c#,103,2,tag
234,.net,321,1,tag
234,linq,416,1,tag
234,testing,763,1,tag
234,plugins,1845,1,tag
234,ruby,2322,1,tag
234,exception,4581,1,tag
234,ruby-on-rails,10171,1,tag
234,unit-testing,11368,1,tag
234,linq-to-objects,118819,1,tag
235,java,3846,2,tag
235,eclipse,2419,1,tag
235,tools,10978,1,tag
235,polls,11210,1,tag
235,code-coverage,32975,1,tag
235,static-analysis,63788,1,tag
235,ganymede,99500,1,tag
235,eclipse-3.4,99568,1,tag
236,unix,1274,1,tag
236,c++,1436,1,tag
236,exception,4581,1,tag
236,size,7250,1,tag
238,css,215,1,tag
238,html,221,1,tag
238,javascript,10198,1,tag
238,fonts,10273,1,tag
242,asp.net,3754,1,tag
242,javascript,10198,1,tag
242,quotes,29968,1,tag
242,anchor,29993,1,tag
243,vb.net,93,1,tag
243,tutorials,3218,1,tag
243,python,7730,1,tag
243,vb6,9054,1,tag
245,c#,103,1,tag
245,database,609,1,tag
245,connection,17273,1,tag
246,postgresql,15007,1,tag
247,firefox,160,1,tag
247,safari,162,1,tag
247,flash,4678,1,tag
253,teamcity,10915,1,tag
253,nant,20837,1,tag
253,mono,42003,1,tag
253,mbunit,50139,1,tag
254,c#,103,1,tag
254,filesystems,18882,1,tag
257,firefox,160,2,tag
257,web,329,2,tag
257,ubuntu,26273,2,tag
257,css,215,1,tag
257,c++,1436,1,tag
257,memory,1531,1,tag
257,windows,3332,1,tag
257,authentication,10986,1,tag
257,openid,11076,1,tag
257,debugging,13217,1,tag
257,multithreading,19669,1,tag
257,favicon,24968,1,tag
257,recommendation,30948,1,tag
257,wiki,39293,1,tag
257,fogbugz,51269,1,tag
258,c#,103,1,tag
258,safari,162,1,tag
258,.net,321,1,tag
258,viewstate,18475,1,tag
260,tutorials,3218,1,tag
260,email-spam,8871,1,tag
260,iphone,9304,1,tag
260,osx,10245,1,tag
260,bayesian,19707,1,tag
260,artificial-intelligence,19736,1,tag
260,objective-c,30934,1,tag
260,ipod-touch,30970,1,tag
264,database,609,2,tag
264,indexing,15414,2,tag
264,php,1279,1,tag
264,sql,1587,1,tag
264,article,3826,1,tag
265,validation,11101,1,tag
265,user-interface,12367,1,tag
265,regex,21387,1,tag
266,flex,1580,2,tag
266,actionscript-3,1581,1,tag
266,eclipse,2419,1,tag
266,unit-testing,11368,1,tag
266,cairngorm,34354,1,tag
266,build-automation,34409,1,tag
266,extension-methods,114881,1,tag
267,c#,103,1,tag
267,file,2228,1,tag
267,sql-server-2005,42665,1,tag
267,installation,55997,1,tag
267,sql-server-2008,70257,1,tag
267,patchgeneration,91540,1,tag
268,css,215,1,tag
268,html,221,1,tag
268,com,3299,1,tag
268,vb6,9054,1,tag
268,gtd,22999,1,tag
268,internet-explorer-6,88783,1,tag
268,html-select,125955,1,tag
269,html,221,2,tag
269,php,1279,1,tag
269,svn,2584,1,tag
269,xml,3772,1,tag
269,version-control,4983,1,tag
269,tools,10978,1,tag
269,wordpress,25731,1,tag
269,blogs,25844,1,tag
269,xhtml,40198,1,tag
271,challenge,643,1,tag
271,office-2007,2281,1,tag
271,asp.net,3754,1,tag
271,visual-studio,7566,1,tag
271,microsoft,8006,1,tag
271,books,11209,1,tag
271,projects,20986,1,tag
271,office-2003,48612,1,tag
274,.net,321,1,tag
274,openid,11076,1,tag
274,animation,114344,1,tag
277,database,609,2,tag
277,pdf,5473,2,tag
277,web-development,8713,2,tag
277,testing,763,1,tag
277,php,1279,1,tag
277,plugins,1845,1,tag
277,tutorials,3218,1,tag
277,postgresql,15007,1,tag
277,ajax,17365,1,tag
277,progressive-enhancement,38177,1,tag
277,perl,39930,1,tag
277,extensibility,128539,1,tag
280,performance,1271,1,tag
280,python,7730,1,tag
280,graph,20850,1,tag
280,data-structures,20980,1,tag
281,user,330,1,tag
281,account,15028,1,tag
281,subdomain,21070,1,tag
281,dns,21108,1,tag
281,web-applications,21149,1,tag
287,html,221,1,tag
287,php,1279,1,tag
287,editor,3461,1,tag
287,java,3846,1,tag
287,apache,4723,1,tag
287,version-control,4983,1,tag
287,free,5043,1,tag
287,dvcs,6527,1,tag
287,open-source,10967,1,tag
287,authentication,10986,1,tag
287,wysiwyg,46258,1,tag
287,mercurial,71399,1,tag
287,webstart,71803,1,tag
287,jni,71849,1,tag
287,nativelibrary,71971,1,tag
288,monitor,1593,1,tag
288,environment,1619,1,tag
288,virtual,5387,1,tag
288,hardware,13740,1,tag
290,software-engineering,25730,3,tag
290,php,1279,1,tag
290,scripting,6638,1,tag
290,web-development,8713,1,tag
290,unit-testing,11368,1,tag
290,debugging,13217,1,tag
290,ajax,17365,1,tag
290,frameworks,17384,1,tag
290,server-side,23913,1,tag
290,methods,24509,1,tag
290,tdd,32457,1,tag
290,sqa,36581,1,tag
290,agile,37520,1,tag
290,internet-explorer,54716,1,tag
290,ssl,54935,1,tag
290,internet-explorer-6,88783,1,tag
291,plugins,1845,1,tag
291,visual-studio,7566,1,tag
292,language-agnostic,1273,1,tag
292,svn,2584,1,tag
292,version-control,4983,1,tag
292,ide,7526,1,tag
292,discussion,7821,1,tag
292,cvs,21688,1,tag
292,software-industry,28568,1,tag
292,offshoring,28569,1,tag
296,asp.net,3754,1,tag
296,csla,21299,1,tag
296,joomla,64841,1,tag
296,content-management-system,64927,1,tag
298,tools,10978,1,tag
298,rss,32461,1,tag
302,unix,1274,1,tag
302,ruby,2322,1,tag
302,windows,3332,1,tag
302,curses,22405,1,tag
302,vpn,23853,1,tag
303,concepts,28313,2,tag
303,.net,321,1,tag
303,reading,8221,1,tag
303,books,11209,1,tag
303,unit-testing,11368,1,tag
303,resources,27382,1,tag
303,alt.net,28284,1,tag
303,tdd,32457,1,tag
303,bdd,34264,1,tag
304,ide,7526,1,tag
304,tools,10978,1,tag
304,erlang,40670,1,tag
305,html,221,1,tag
305,chm,19965,1,tag
305,helpfile,96624,1,tag
306,c,19,1,tag
306,rockbox,22406,1,tag
306,audio,22407,1,tag
307,language-agnostic,1273,5,tag
307,howto,37052,4,tag
307,unit-testing,11368,2,tag
307,self-improvement,26120,2,tag
307,education,26121,2,tag
307,tdd,32457,2,tag
307,mocking,67101,2,tag
307,html,221,1,tag
307,.net,321,1,tag
307,web,329,1,tag
307,binary,595,1,tag
307,file,2228,1,tag
307,ruby,2322,1,tag
307,windows,3332,1,tag
307,csv,3841,1,tag
307,oop,4147,1,tag
307,security,5035,1,tag
307,web-development,8713,1,tag
307,excel,9429,1,tag
307,code-review,9531,1,tag
307,open-source,10967,1,tag
307,contribute,13312,1,tag
307,data-structures,20980,1,tag
307,software-engineering,25730,1,tag
307,proxy,26284,1,tag
307,ironruby,28621,1,tag
307,winapi,29674,1,tag
307,grid,35798,1,tag
307,functional-programming,36608,1,tag
307,autocomplete,38862,1,tag
307,clipboard,39103,1,tag
307,rubygems,68287,1,tag
307,rhino-mocks,69340,1,tag
307,moniker,71978,1,tag
308,web,329,2,tag
308,asp.net,3754,1,tag
308,maps,3756,1,tag
308,video,3830,1,tag
308,flash,4678,1,tag
308,embed,4903,1,tag
308,google,6328,1,tag
308,ssl,54935,1,tag
308,https,54976,1,tag
308,iframe,55114,1,tag
311,language-agnostic,1273,1,tag
311,concurrency,7180,1,tag
311,multithreading,19669,1,tag
312,build-process,8715,1,tag
312,cruisecontrol.net,16170,1,tag
312,msbuild,16172,1,tag
312,xslt,16598,1,tag
314,unit-testing,11368,1,tag
314,glossary,23260,1,tag
318,server,343,1,tag
318,php,1279,1,tag
318,linux,3021,1,tag
318,java,3846,1,tag
318,security,5035,1,tag
322,html,221,1,tag
322,.net,321,1,tag
322,regex,21387,1,tag
323,html,221,1,tag
323,email,6360,1,tag
323,forms,6635,1,tag
323,confirm,8695,1,tag
324,c#,103,1,tag
324,winapi,29674,1,tag
326,asmx,429,1,tag
326,language-agnostic,1273,1,tag
326,outlook,54006,1,tag
326,teamwork,57428,1,tag
326,coding-style,57660,1,tag
326,reporting-services,83558,1,tag
326,icalendar,101598,1,tag
326,ical,101643,1,tag
326,gmail,101652,1,tag
326,recurrence,101705,1,tag
327,windows,3332,3,tag
327,visual-studio,7566,2,tag
327,tfs,65483,2,tag
327,.net,321,1,tag
327,cross-platform,8603,1,tag
327,lifecycle,18500,1,tag
327,mono,42003,1,tag
327,graphing,54019,1,tag
327,workflow,57545,1,tag
327,msf,84393,1,tag
327,cmmi,84395,1,tag
328,c#,103,1,tag
328,sql-server,1685,1,tag
328,winforms,10341,1,tag
328,picturebox,18751,1,tag
331,url,5210,1,tag
331,ajax,17365,1,tag
331,rest,19657,1,tag
331,address-bar,24596,1,tag
332,c#,103,1,tag
332,exception,4581,1,tag
332,error-handling,25647,1,tag
340,compiler,1202,2,tag
340,language-agnostic,1273,1,tag
340,button,1928,1,tag
340,java,3846,1,tag
340,custom,7654,1,tag
340,books,11209,1,tag
340,resources,27382,1,tag
342,c++,1436,1,tag
342,markup,1964,1,tag
342,pdf,5473,1,tag
342,vc6,9777,1,tag
342,unit-testing,11368,1,tag
342,chm,19965,1,tag
342,organizing,29542,1,tag
342,xhtml,40198,1,tag
342,linker,93617,1,tag
342,visual-c++,93955,1,tag
349,web-services,593,2,tag
349,php,1279,1,tag
349,application-integration,28077,1,tag
350,asp.net,3754,2,tag
350,.net,321,1,tag
350,security,5035,1,tag
350,authentication,10986,1,tag
350,profile,15628,1,tag
350,obfuscation,38599,1,tag
357,c#,103,2,tag
357,language-agnostic,1273,2,tag
357,compiler,1202,1,tag
357,sql,1587,1,tag
357,mobile,9875,1,tag
357,javascript,10198,1,tag
357,user-interface,12367,1,tag
357,logic,21132,1,tag
357,group-by,40010,1,tag
357,sms,66522,1,tag
357,loops,70838,1,tag
357,enums,76720,1,tag
358,testing,763,2,tag
358,patterns,32659,2,tag
358,database,609,1,tag
358,documentation,5822,1,tag
358,team,9353,1,tag
358,user-interface,12367,1,tag
358,glossary,23260,1,tag
358,self-improvement,26120,1,tag
358,mvc,30807,1,tag
358,tdd,32457,1,tag
358,mvp,32590,1,tag
358,computer-science,47448,1,tag
358,recursion,48081,1,tag
358,inversion-of-control,48880,1,tag
358,passion,52279,1,tag
358,mocking,67101,1,tag
358,industry,112824,1,tag
360,java,3846,1,tag
360,jxta,45149,1,tag
361,c#,103,1,tag
361,visual-studio,7566,1,tag
361,msbuild,16172,1,tag
362,string,492,1,tag
362,java,3846,1,tag
362,parsing,5552,1,tag
362,productivity,13741,1,tag
362,self-improvement,26120,1,tag
364,asp.net,3754,5,tag
364,mvc,30807,3,tag
364,asp.net-mvc,30926,3,tag
364,c#,103,2,tag
364,language-agnostic,1273,1,tag
364,maps,3756,1,tag
364,routing,42145,1,tag
364,dynamic-data,48027,1,tag
364,voronoi,65664,1,tag
364,game-development,65744,1,tag
369,sql-server,1685,2,tag
369,scripting,6638,2,tag
369,database,609,1,tag
369,sql,1587,1,tag
369,linux,3021,1,tag
369,delphi,6369,1,tag
369,gtk,6862,1,tag
369,dll,9781,1,tag
369,ubuntu,26273,1,tag
369,bash,26510,1,tag
369,winapi,29674,1,tag
369,diagram,38181,1,tag
369,dynamic-sql,68094,1,tag
370,c++,1436,2,tag
370,visual-studio,7566,2,tag
370,testing,763,1,tag
370,unit-testing,11368,1,tag
371,asp.net,3754,1,tag
371,continuous-integration,10979,1,tag
372,sql-server,1685,1,tag
372,unit-testing,11368,1,tag
372,tdd,32457,1,tag
373,c#,103,1,tag
373,.net,321,1,tag
373,linq,416,1,tag
373,.net-3.5,594,1,tag
373,winforms,10341,1,tag
373,user-interface,12367,1,tag
373,clr,17796,1,tag
373,multithreading,19669,1,tag
373,mvc,30807,1,tag
373,.net-2.0,33503,1,tag
373,singleton,72518,1,tag
375,css,215,1,tag
375,web,329,1,tag
375,books,11209,1,tag
377,web-services,593,2,tag
377,osx,10245,2,tag
377,c#,103,1,tag
377,.net,321,1,tag
377,service,431,1,tag
377,triggers,1427,1,tag
377,sql,1587,1,tag
377,timer,1688,1,tag
377,controls,36663,1,tag
377,tabs,36685,1,tag
377,wcf,67360,1,tag
377,backwards-compatibility,92709,1,tag
379,c#,103,1,tag
379,c++,1436,1,tag
379,data-structures,20980,1,tag
380,.net,321,5,tag
380,performance,1271,3,tag
380,optimization,33361,2,tag
380,linq,416,1,tag
380,.net-3.5,594,1,tag
380,exception,4581,1,tag
380,frameworks,17384,1,tag
380,linq-to-sql,31326,1,tag
380,benchmarking,128172,1,tag
381,c,19,3,tag
381,unix,1274,2,tag
381,testing,763,1,tag
381,c++,1436,1,tag
381,unique,2167,1,tag
381,library,3853,1,tag
381,security,5035,1,tag
381,arrays,6280,1,tag
381,open-source,10967,1,tag
381,user-interface,12367,1,tag
381,hardware,13740,1,tag
381,duplicates,15783,1,tag
381,vpn,23853,1,tag
381,lisp,31588,1,tag
381,quality,34805,1,tag
381,functional-programming,36608,1,tag
381,perl,39930,1,tag
381,midi,51603,1,tag
381,signal-processing,51711,1,tag
381,hiring,52260,1,tag
381,interview-questions,52284,1,tag
381,prototyping,58911,1,tag
381,xming,69882,1,tag
381,defensive-programming,109554,1,tag
383,c#,103,7,tag
383,sql,1587,6,tag
383,sql-server,1685,3,tag
383,asp.net,3754,3,tag
383,html,221,2,tag
383,.net-3.5,594,2,tag
383,database,609,2,tag
383,svn,2584,2,tag
383,url-rewriting,34925,2,tag
383,css,215,1,tag
383,conversion,227,1,tag
383,.net,321,1,tag
383,math,404,1,tag
383,dataset,410,1,tag
383,datatable,413,1,tag
383,linq,416,1,tag
383,performance,1271,1,tag
383,language-agnostic,1273,1,tag
383,integer,2625,1,tag
383,url,5210,1,tag
383,visual-studio,7566,1,tag
383,javascript,10198,1,tag
383,guide,10983,1,tag
383,unit-testing,11368,1,tag
383,oracle,12149,1,tag
383,postgresql,15007,1,tag
383,backup,26673,1,tag
383,asp.net-mvc,30926,1,tag
383,raid5,34479,1,tag
383,url-routing,34926,1,tag
383,database-design,38296,1,tag
383,sql-server-2005,42665,1,tag
383,paging,42783,1,tag
383,xmp,70687,1,tag
383,loops,70838,1,tag
384,c#,103,1,tag
384,javascript,10198,1,tag
384,design,10567,1,tag
384,reflection,14858,1,tag
384,graphics,37149,1,tag
384,properties,48016,1,tag
390,c#,103,1,tag
390,.net,321,1,tag
391,setter,4106,1,tag
391,visual-studio,7566,1,tag
391,getter,40843,1,tag
392,web,329,1,tag
392,asp.net,3754,1,tag
394,python,7730,2,tag
395,c#,103,1,tag
395,.net,321,1,tag
395,testing,763,1,tag
395,tdd,32457,1,tag
395,bdd,34264,1,tag
396,visual-studio,7566,4,tag
396,c#,103,2,tag
396,plugins,1845,2,tag
396,asp.net,3754,2,tag
396,tools,10978,2,tag
396,.net,321,1,tag
396,folding,919,1,tag
396,c++,1436,1,tag
396,monitor,1593,1,tag
396,eclipse,2419,1,tag
396,java,3846,1,tag
396,unit-testing,11368,1,tag
396,non-technical,13103,1,tag
396,content,18715,1,tag
396,recommendation,30948,1,tag
396,relate,31194,1,tag
396,master-pages,34208,1,tag
396,dual,40859,1,tag
396,teaching,49243,1,tag
396,homework,62170,1,tag
396,family,79570,1,tag
396,schools,89089,1,tag
396,multiple-monitors,99707,1,tag
396,skills,100241,1,tag
396,parents,111836,1,tag
398,c#,103,2,tag
398,language-agnostic,1273,1,tag
398,tutorials,3218,1,tag
398,winforms,10341,1,tag
398,books,11209,1,tag
398,resharper,34553,1,tag
398,microcontroller,73555,1,tag
398,publishers,104267,1,tag
402,string,492,1,tag
402,mysql,598,1,tag
402,php,1279,1,tag
402,upload,2256,1,tag
402,remove,2875,1,tag
402,windows,3332,1,tag
402,iis,11958,1,tag
402,regex,21387,1,tag
402,glossary,23260,1,tag
402,monads,36585,1,tag
402,haskell,36607,1,tag
402,functional-programming,36608,1,tag
404,css,215,1,tag
404,html,221,1,tag
404,.net-3.5,594,1,tag
404,performance,1271,1,tag
404,windows,3332,1,tag
404,asp.net,3754,1,tag
404,javascript,10198,1,tag
404,ajax,17365,1,tag
404,data-structures,20980,1,tag
404,controls,36663,1,tag
404,jquery,38016,1,tag
404,mono,42003,1,tag
404,sharepoint,49145,1,tag
404,vmware,49940,1,tag
404,hanging,50095,1,tag
404,height,53375,1,tag
404,propertygrid,58752,1,tag
404,graph-layout,112577,1,tag
406,testing,763,1,tag
406,language-agnostic,1273,1,tag
406,svn,2584,1,tag
406,windows,3332,1,tag
406,asp.net,3754,1,tag
406,version-control,4983,1,tag
406,git,6494,1,tag
406,dvcs,6527,1,tag
406,web-applications,21149,1,tag
406,cvs,21688,1,tag
406,quality,34805,1,tag
406,e-commerce,85369,1,tag
412,tutorials,3218,1,tag
412,books,11209,1,tag
415,database,609,1,tag
415,asp.net,3754,1,tag
415,mvc,30807,1,tag
415,asp.net-mvc,30926,1,tag
417,asp.net,3754,1,tag
417,visual-studio,7566,1,tag
417,iis,11958,1,tag
417,debugging,13217,1,tag
417,visual-studio-2008,38594,1,tag
419,discussion,7821,1,tag
419,unit-testing,11368,1,tag
419,windows-server-2008,23482,1,tag
419,tdd,32457,1,tag
419,inversion-of-control,48880,1,tag
419,mental-health,69808,1,tag
419,dependency-injection,78986,1,tag
422,cvs,21688,1,tag
422,ubuntu,26273,1,tag
422,xen,41224,1,tag
422,virtualization,41389,1,tag
423,sql-server,1685,2,tag
423,database,609,1,tag
423,svn,2584,1,tag
423,windows,3332,1,tag
423,version-control,4983,1,tag
423,audit,59946,1,tag
423,tfs,65483,1,tag
428,c#,103,1,tag
428,treeview,38801,1,tag
429,web,329,1,tag
429,http,357,1,tag
429,java,3846,1,tag
429,servlets,55541,1,tag
430,environment,1619,1,tag
430,tools,10978,1,tag
431,php,1279,1,tag
431,c++,1436,1,tag
431,sql,1587,1,tag
431,linux,3021,1,tag
431,ide,7526,1,tag
431,firebird,14175,1,tag
431,lightweight,19280,1,tag
431,freeware,33271,1,tag
431,interbase,81299,1,tag
432,syntax,2935,2,tag
432,c,19,1,tag
432,mysql,598,1,tag
432,c++,1436,1,tag
432,sql,1587,1,tag
432,architecture,1924,1,tag
432,file,2228,1,tag
432,linux,3021,1,tag
432,oop,4147,1,tag
432,security,5035,1,tag
432,io,22291,1,tag
432,perl,39930,1,tag
432,boot,48395,1,tag
434,sql-server,1685,3,tag
434,web,329,2,tag
434,language-agnostic,1273,2,tag
434,datetime,270,1,tag
434,web-development,8713,1,tag
434,winapi,29674,1,tag
434,planning,39462,1,tag
434,date-conversion,41476,1,tag
435,data,596,1,tag
435,setter,4106,1,tag
435,optimization,33361,1,tag
435,verification,40767,1,tag
435,getter,40843,1,tag
437,sql-server,1685,2,tag
437,osx,10245,1,tag
439,c#,103,1,tag
439,web,329,1,tag
439,linq,416,1,tag
439,.net-3.5,594,1,tag
439,security,5035,1,tag
439,lambda,12448,1,tag
439,usability,25220,1,tag
439,captcha,48180,1,tag
441,c#,103,1,tag
441,.net,321,1,tag
441,winforms,10341,1,tag
443,vb.net,93,1,tag
443,.net,321,1,tag
443,visual-studio,7566,1,tag
443,keyboard,13532,1,tag
443,shortcuts,41133,1,tag
445,.net,321,1,tag
445,winforms,10341,1,tag
446,c#,103,1,tag
446,.net,321,1,tag
446,winforms,10341,1,tag
447,winforms,10341,1,tag
447,error-handling,25647,1,tag
447,usercontrols,41223,1,tag
448,sql,1587,1,tag
448,xml,3772,1,tag
448,formatting,16669,1,tag
448,sql-server-2005,42665,1,tag
448,for-xml,42667,1,tag
453,.net,321,1,tag
453,caching,51524,1,tag
454,mysql,598,1,tag
454,php,1279,1,tag
462,unix,1274,1,tag
462,c++,1436,1,tag
462,windows,3332,1,tag
462,java,3846,1,tag
463,product-management,87955,1,tag
475,vb.net,93,1,tag
475,diff,796,1,tag
476,apache,4723,1,tag
476,.htaccess,50530,1,tag
476,mod-rewrite,50736,1,tag
479,visual-studio,7566,1,tag
479,fogbugz,51269,1,tag
481,c#,103,1,tag
481,tutorials,3218,1,tag
481,repository,7456,1,tag
481,unit-testing,11368,1,tag
481,patterns,32659,1,tag
482,api,1434,1,tag
482,maps,3756,1,tag
482,yahoo,94614,1,tag
483,regex,21387,1,tag
483,ansi,75469,1,tag
484,ruby,2322,1,tag
484,maps,3756,1,tag
484,reduce,53029,1,tag
486,css,215,1,tag
486,http,357,1,tag
486,javascript,10198,1,tag
486,caching,51524,1,tag
486,qos,70871,1,tag
486,adsl,70894,1,tag
486,modem,70895,1,tag
486,isp,70923,1,tag
486,networking,70929,1,tag
488,file,2228,1,tag
488,java,3846,1,tag
488,file-io,64211,1,tag
491,c#,103,1,tag
491,books,11209,1,tag
492,desktop,12614,1,tag
492,laptop,25009,1,tag
493,c#,103,4,tag
493,vb.net,93,1,tag
493,.net,321,1,tag
493,linq,416,1,tag
493,database,609,1,tag
493,performance,1271,1,tag
493,visual-studio,7566,1,tag
493,orm,15389,1,tag
493,multithreading,19669,1,tag
493,language-design,53162,1,tag
493,stringbuilder,68365,1,tag
493,string.format,108299,1,tag
501,database,609,1,tag
501,performance,1271,1,tag
501,file,2228,1,tag
501,csv,3841,1,tag
501,logging,42755,1,tag
501,olap,70383,1,tag
501,text-files,70416,1,tag
501,hacks,70418,1,tag
501,filehelpers,70420,1,tag
503,c#,103,1,tag
503,foreach,48368,1,tag
503,ienumerator,53356,1,tag
503,ienumerable,53511,1,tag
506,java,3846,1,tag
506,frameworks,17384,1,tag
506,mvc,30807,1,tag
506,jsf,86880,1,tag
507,.net,321,1,tag
507,database,609,1,tag
507,orm,15389,1,tag
512,language-agnostic,1273,1,tag
512,remote,2426,1,tag
512,collaboration,7408,1,tag
512,code-review,9531,1,tag
512,tools,10978,1,tag
514,database,609,1,tag
514,theory,686,1,tag
514,ruby,2322,1,tag
514,windows,3332,1,tag
514,ide,7526,1,tag
514,image,9611,1,tag
514,ruby-on-rails,10171,1,tag
514,storage,34543,1,tag
514,blob,58708,1,tag
516,ruby,2322,1,tag
516,rake,55838,1,tag
516,cli,55912,1,tag
517,c#,103,1,tag
517,directory,7307,1,tag
517,filemanagement,55834,1,tag
518,email,6360,1,tag
518,javascript,10198,1,tag
518,regex,21387,1,tag
519,c#,103,1,tag
519,linq,416,1,tag
519,database,609,1,tag
519,asp.net,3754,1,tag
519,asp-classic,15514,1,tag
519,linq-to-sql,31326,1,tag
522,c++,1436,1,tag
522,maps,3756,1,tag
522,hash,7602,1,tag
522,qt,12293,1,tag
522,data-structures,20980,1,tag
522,winapi,29674,1,tag
522,mfc,67495,1,tag
525,windows-installer,58908,2,tag
525,.net,321,1,tag
525,setup,4424,1,tag
525,documentation,5822,1,tag
525,ide,7526,1,tag
525,javascript,10198,1,tag
525,tools,10978,1,tag
525,authentication,10986,1,tag
525,polls,11210,1,tag
525,installer,11447,1,tag
525,debugging,13217,1,tag
525,encryption,13302,1,tag
525,ssl,54935,1,tag
525,installation,55997,1,tag
525,generator,67728,1,tag
525,xul,67843,1,tag
525,xulrunner,67994,1,tag
527,server,343,4,tag
527,application,1672,4,tag
527,websphere,62784,4,tag
527,performance,1271,2,tag
527,unix,1274,2,tag
527,deployment,6777,2,tag
527,ibm,13813,2,tag
527,math,404,1,tag
527,date,2670,1,tag
527,shell,3361,1,tag
527,apache,4723,1,tag
527,security,5035,1,tag
527,culture,5713,1,tag
527,development,6573,1,tag
527,scripting,6638,1,tag
527,ant,8714,1,tag
527,team,9353,1,tag
527,tools,10978,1,tag
527,productivity,13741,1,tag
527,aix,19691,1,tag
527,mod-rewrite,50736,1,tag
527,http-referer,55641,1,tag
527,teamwork,57428,1,tag
527,ear,62780,1,tag
527,java-ee,62881,1,tag
527,networking,70929,1,tag
527,cluster-analysis,74249,1,tag
527,programmers,79723,1,tag
527,awk,103011,1,tag
534,.net,321,1,tag
534,silverlight,4844,1,tag
534,sqlite,6528,1,tag
539,communities,26050,1,tag
539,sap,56467,1,tag
539,social,56498,1,tag
541,security,5035,1,tag
541,rest,19657,1,tag
541,wcf,67360,1,tag
543,interview-questions,52284,1,tag
547,mysql,598,3,tag
547,javascript,10198,2,tag
547,replication,59349,2,tag
547,query,417,1,tag
547,php,1279,1,tag
547,ide,7526,1,tag
547,tools,10978,1,tag
547,keyboard,13532,1,tag
547,code-completion,14084,1,tag
547,internet-explorer,54716,1,tag
547,issue-tracking,57299,1,tag
547,union,60198,1,tag
547,zend-studio,74707,1,tag
547,events,75837,1,tag
547,microformats,86906,1,tag
547,web2.0,87010,1,tag
549,developerexpress,57192,1,tag
551,c#,103,2,tag
551,.net,321,1,tag
551,configuration,1113,1,tag
551,performance,1271,1,tag
551,user-interface,12367,1,tag
551,properties,48016,1,tag
556,osx,10245,3,tag
556,svn,2584,2,tag
556,linux,3021,2,tag
556,python,7730,2,tag
556,css,215,1,tag
556,web,329,1,tag
556,configuration,1113,1,tag
556,upload,2256,1,tag
556,membership,3815,1,tag
556,apache,4723,1,tag
556,version-control,4983,1,tag
556,git,6494,1,tag
556,deployment,6777,1,tag
556,ftp,7501,1,tag
556,hardware,13740,1,tag
556,settings,15524,1,tag
556,profile,15628,1,tag
556,ram,19376,1,tag
556,web-applications,21149,1,tag
556,cvs,21688,1,tag
556,bash,26510,1,tag
556,serial-port,61772,1,tag
556,code-snippets,63831,1,tag
556,gltail,96693,1,tag
556,stress-testing,118597,1,tag
556,performance-monitoring,118598,1,tag
557,c#,103,1,tag
557,asp.net,3754,1,tag
557,javascript,10198,1,tag
560,windows,3332,2,tag
560,c#,103,1,tag
560,.net,321,1,tag
560,64bit,3335,1,tag
560,registry,15523,1,tag
560,redistributable,51572,1,tag
560,wmi,58985,1,tag
563,svn,2584,1,tag
563,hook,10924,1,tag
567,php,1279,2,tag
567,database,609,1,tag
567,sql,1587,1,tag
567,ide,7526,1,tag
567,layout,10566,1,tag
567,standards,82005,1,tag
568,c++,1436,2,tag
568,c,19,1,tag
568,pointers,15338,1,tag
568,interview-questions,52284,1,tag
571,.net,321,4,tag
571,usersgroup,113392,2,tag
571,c#,103,1,tag
571,string,492,1,tag
571,language,621,1,tag
571,video,3830,1,tag
571,mp3,4674,1,tag
571,internationalization,5772,1,tag
571,migration,6175,1,tag
571,visual-studio,7566,1,tag
571,microsoft,8006,1,tag
571,audio,22407,1,tag
571,consultant,25074,1,tag
571,contractor,28484,1,tag
571,mvc,30807,1,tag
571,asp.net-mvc,30926,1,tag
571,tdd,32457,1,tag
571,mbunit,50139,1,tag
571,testdriven.net,61829,1,tag
571,vista64,61919,1,tag
571,multilingual,62767,1,tag
571,consulting,81960,1,tag
571,transcode,111376,1,tag
571,flv,111418,1,tag
571,mp4,111423,1,tag
571,mcpd,113310,1,tag
571,mcts,113312,1,tag
571,certification,113326,1,tag
571,presentations,113417,1,tag
571,contracting,122693,1,tag
571,contracts,127859,1,tag
572,user-interface,12367,2,tag
572,php,1279,1,tag
572,xml,3772,1,tag
572,oop,4147,1,tag
572,usability,25220,1,tag
572,procedural,48715,1,tag
572,paradigms,61827,1,tag
573,unit-testing,11368,2,tag
573,testing,763,1,tag
573,java,3846,1,tag
573,google,6328,1,tag
573,legacy,9684,1,tag
573,self-improvement,26120,1,tag
573,homework,62170,1,tag
573,static-analysis,63788,1,tag
573,gwt,82702,1,tag
573,charts,82810,1,tag
573,getting-started,102959,1,tag
573,new-project,102960,1,tag
573,refactoring,116675,1,tag
573,source-code,116809,1,tag
575,osx,10245,1,tag
575,smb,61937,1,tag
575,windows-vista,62059,1,tag
576,c#,103,1,tag
576,firefox,160,1,tag
576,.net,321,1,tag
576,sql-server,1685,1,tag
576,upload,2256,1,tag
576,visual-studio,7566,1,tag
576,osx,10245,1,tag
576,full-text-search,18980,1,tag
579,asp.net,3754,1,tag
579,business-logic-layer,67242,1,tag
579,object-datasource,67243,1,tag
580,windows,3332,1,tag
580,development,6573,1,tag
580,career-development,96909,1,tag
588,algorithm,1272,1,tag
588,sorting,7665,1,tag
588,graph,20850,1,tag
588,directed-graph,65087,1,tag
590,c#,103,1,tag
590,messaging,66062,1,tag
590,activemq,66110,1,tag
590,community-server,86115,1,tag
608,c#,103,1,tag
608,compiler,1202,1,tag
608,performance,1271,1,tag
608,algorithm,1272,1,tag
608,sorting,7665,1,tag
608,mergesort,122667,1,tag
609,video,3830,1,tag
609,compression,31444,1,tag
609,dct,71210,1,tag
615,sql-server,1685,1,tag
615,wpf,4768,1,tag
615,indexing,15414,1,tag
617,http,357,1,tag
617,library,3853,1,tag
617,emacs,24771,1,tag
618,c#,103,1,tag
618,browser,369,1,tag
626,c#,103,1,tag
626,.net,321,1,tag
626,button,1928,1,tag
626,winforms,10341,1,tag
626,user-interface,12367,1,tag
627,performance,1271,2,tag
627,.net,321,1,tag
627,wireless,13577,1,tag
627,vpn,23853,1,tag
627,remoting,77969,1,tag
631,c#,103,1,tag
631,visual-studio,7566,1,tag
631,windows-mobile,9896,1,tag
631,compact-framework,109789,1,tag
631,corecon,110303,1,tag
633,asp.net,3754,1,tag
633,iis,11958,1,tag
633,virtual-directory,82533,1,tag
634,version-control,4983,1,tag
634,dvcs,6527,1,tag
636,compact-framework,109789,2,tag
636,c#,103,1,tag
636,database,609,1,tag
636,sql-server,1685,1,tag
636,library,3853,1,tag
636,search,6329,1,tag
636,windows-mobile,9896,1,tag
636,multithreading,19669,1,tag
636,zip,22879,1,tag
636,sharepoint,49145,1,tag
636,components,59153,1,tag
636,ssp,73250,1,tag
637,fonts,10273,1,tag
637,polls,11210,1,tag
637,development-environment,29540,1,tag
648,c#,103,1,tag
648,asp.net,3754,1,tag
648,jquery,38016,1,tag
648,interview-questions,52284,1,tag
650,powerpoint,21252,1,tag
650,presentations,113417,1,tag
653,html,221,1,tag
653,asp.net,3754,1,tag
653,javascript,10198,1,tag
653,mvc,30807,1,tag
653,asp.net-mvc,30926,1,tag
653,doctype,55179,1,tag
653,design-patterns,72573,1,tag
653,html5,88927,1,tag
657,database,609,1,tag
657,php,1279,1,tag
657,sql-server,1685,1,tag
658,c,19,1,tag
658,assembly,681,1,tag
658,x86,1074,1,tag
658,scheme,7732,1,tag
658,books,11209,1,tag
658,recommendation,30948,1,tag
658,continuations,104096,1,tag
659,development,6573,1,tag
659,conventions,52337,1,tag
659,software-tools,80591,1,tag
659,hungarian-notation,85611,1,tag
659,self-documenting-code,85612,1,tag
661,xml,3772,1,tag
661,xml-sig,75081,1,tag
666,css,215,1,tag
666,html,221,1,tag
666,javascript,10198,1,tag
666,coldfusion,32974,1,tag
666,jquery,38016,1,tag
666,html-lists,76501,1,tag
667,conferences,18073,1,tag
668,.net,321,2,tag
668,sharepoint,49145,2,tag
668,c#,103,1,tag
668,library,3853,1,tag
668,ajax,17365,1,tag
668,assemblies,76714,1,tag
670,java,3846,1,tag
670,primitive,66289,1,tag
670,autoboxing,66349,1,tag
673,svn,2584,2,tag
673,version-control,4983,2,tag
673,database,609,1,tag
673,php,1279,1,tag
673,user-interface,12367,1,tag
673,web-applications,21149,1,tag
673,cvs,21688,1,tag
676,c,19,1,tag
676,web,329,1,tag
676,library,3853,1,tag
676,python,7730,1,tag
676,matlab,81055,1,tag
680,python,7730,2,tag
680,markup,1964,1,tag
680,linux,3021,1,tag
680,javascript,10198,1,tag
680,user-interface,12367,1,tag
680,ajax,17365,1,tag
680,floating-point,19055,1,tag
680,graph,20850,1,tag
680,web-applications,21149,1,tag
680,community-server,86115,1,tag
680,home-server,90085,1,tag
680,diy,90086,1,tag
680,repair,98564,1,tag
680,google-app-engine,102476,1,tag
681,asp.net,3754,1,tag
681,menu,3779,1,tag
681,size,7250,1,tag
682,ruby,2322,1,tag
682,python,7730,1,tag
682,ruby-on-rails,10171,1,tag
682,django,14662,1,tag
682,grails,80233,1,tag
682,groovy,80521,1,tag
685,oracle,12149,1,tag
691,sql-server,1685,1,tag
691,iis,11958,1,tag
697,website,2411,1,tag
697,iis,11958,1,tag
697,communities,26050,1,tag
697,sharepoint,49145,1,tag
697,moss,73249,1,tag
697,wss,86356,1,tag
698,asp.net,3754,1,tag
698,javascript,10198,1,tag
698,asp.net-ajax,35913,1,tag
699,web-services,593,1,tag
699,rest,19657,1,tag
702,.net,321,1,tag
702,sql-server,1685,1,tag
702,connection-string,98346,1,tag
703,osx,10245,2,tag
703,web,329,1,tag
703,assembly,681,1,tag
703,x86,1074,1,tag
703,svn,2584,1,tag
703,version-control,4983,1,tag
703,xcode,88958,1,tag
706,java,3846,1,tag
706,google,6328,1,tag
706,mapping,14657,1,tag
706,wgs84,121637,1,tag
708,sql-server,1685,1,tag
708,wpf,4768,1,tag
708,user-interface,12367,1,tag
708,instrumentation,19550,1,tag
711,firefox,160,1,tag
711,web-development,8713,1,tag
711,firebug,28778,1,tag
713,vb.net,93,1,tag
713,exit,3270,1,tag
713,vb6,9054,1,tag
713,breaks,69807,1,tag
713,loops,70838,1,tag
718,oop,4147,1,tag
718,programming-languages,73940,1,tag
721,.net,321,3,tag
721,interface,1877,1,tag
721,architecture,1924,1,tag
721,email,6360,1,tag
721,visual-studio,7566,1,tag
721,usercontrols,41223,1,tag
721,tfs,65483,1,tag
721,n-tier,93406,1,tag
722,ruby-on-rails,10171,1,tag
722,haml,100080,1,tag
726,database,609,2,tag
726,mysql,598,1,tag
726,linux,3021,1,tag
726,dns,21108,1,tag
726,web-applications,21149,1,tag
726,bash,26510,1,tag
726,ms-access,91851,1,tag
726,dnsmasq,93228,1,tag
726,uuid,94905,1,tag
726,processes,98766,1,tag
727,sql,1587,1,tag
727,csv,3841,1,tag
727,tools,10978,1,tag
727,firebird,14175,1,tag
728,java,3846,1,tag
728,build-automation,34409,1,tag
728,rcp,92040,1,tag
728,jnlp,92044,1,tag
730,mailto,6288,1,tag
733,c#,103,1,tag
733,controls,36663,1,tag
733,tree,38814,1,tag
733,genealogy,93958,1,tag
736,mysql,598,1,tag
736,python,7730,1,tag
736,pylons,129000,1,tag
737,c,19,1,tag
737,unix,1274,1,tag
737,linux,3021,1,tag
737,automake,117757,1,tag
737,autoconf,117781,1,tag
742,unix,1274,1,tag
742,ssh,26252,1,tag
744,ideas,5359,1,tag
744,tools,10978,1,tag
744,project-planning,85710,1,tag
744,product-management,87955,1,tag
744,startups,96488,1,tag
745,python,7730,1,tag
745,data-structures,20980,1,tag
750,.net,321,1,tag
750,improvement,1262,1,tag
750,coding,1496,1,tag
750,design,10567,1,tag
750,mvc,30807,1,tag
750,patterns,32659,1,tag
751,oop,4147,1,tag
751,ruby-on-rails,10171,1,tag
751,design-patterns,72573,1,tag
751,activerecord,124909,1,tag
752,c#,103,1,tag
752,compiler,1202,1,tag
752,visual-studio,7566,1,tag
752,resources,27382,1,tag
754,database,609,1,tag
755,c++,1436,1,tag
755,monitor,1593,1,tag
755,xml,3772,1,tag
755,hardware,13740,1,tag
755,xslt,16598,1,tag
755,multithreading,19669,1,tag
755,archive,25827,1,tag
755,build-automation,34409,1,tag
755,xhtml,40198,1,tag
755,singleton,72518,1,tag
755,versions,97524,1,tag
755,construction,111086,1,tag
755,lazy-initialization,111292,1,tag
755,whitespace,116534,1,tag
755,line-breaks,116535,1,tag
755,workstations,121266,1,tag
756,c#,103,1,tag
756,.net,321,1,tag
756,winforms,10341,1,tag
756,multithreading,19669,1,tag
756,events,75837,1,tag
758,math,404,1,tag
758,algorithm,1272,1,tag
758,language-agnostic,1273,1,tag
758,authentication,10986,1,tag
758,account,15028,1,tag
758,web-applications,21149,1,tag
758,geometry,115715,1,tag
763,svn,2584,2,tag
763,mysql,598,1,tag
763,subclipse,2369,1,tag
769,performance,1271,1,tag
769,iis,11958,1,tag
769,stress-testing,118597,1,tag
770,.net,321,1,tag
770,monitor,1593,1,tag
770,environment,1619,1,tag
770,plugins,1845,1,tag
770,development,6573,1,tag
770,design,10567,1,tag
770,user-interface,12367,1,tag
770,hardware,13740,1,tag
770,icons,33344,1,tag
770,wow,61195,1,tag
770,game-development,65744,1,tag
770,software-development,99187,1,tag
770,scsf,99188,1,tag
770,software-factory,99189,1,tag
770,warcraft,99681,1,tag
770,multiple-monitors,99707,1,tag
770,lua,109686,1,tag
779,sql,1587,1,tag
779,sybase,100810,1,tag
779,ase,100982,1,tag
782,testing,763,2,tag
782,java,3846,2,tag
782,enterprise,5985,1,tag
782,junit,106377,1,tag
782,testng,106379,1,tag
784,javascript,10198,1,tag
785,winforms,10341,1,tag
788,sql,1587,1,tag
791,eclipse,2419,1,tag
791,java,3846,1,tag
791,rcp,92040,1,tag
791,myeclipse,124188,1,tag
796,php,1279,2,tag
796,migration,6175,1,tag
796,education,26121,1,tag
796,career-development,96909,1,tag
797,c#,103,1,tag
797,.net,321,1,tag
797,database,609,1,tag
797,memory,1531,1,tag
797,sql,1587,1,tag
797,sql-server,1685,1,tag
797,eclipse,2419,1,tag
797,java,3846,1,tag
797,search,6329,1,tag
797,generics,8961,1,tag
797,type-safety,8964,1,tag
797,iphone,9304,1,tag
797,tools,10978,1,tag
797,puzzle,12442,1,tag
797,objective-c,30934,1,tag
797,cocoa,37681,1,tag
797,interview-questions,52284,1,tag
797,covariance,104647,1,tag
799,database,609,2,tag
799,sql-server,1685,2,tag
810,web,329,2,tag
810,browser,369,2,tag
810,compatibility,12248,2,tag
810,howto,37052,1,tag
810,internet-explorer,54716,1,tag
810,internet-explorer-6,88783,1,tag
813,c++,1436,1,tag
813,user-interface,12367,1,tag
814,button,1928,1,tag
814,xna,49498,1,tag
814,skins,112253,1,tag
816,java,3846,1,tag
823,ruby,2322,1,tag
831,.net,321,1,tag
831,web-services,593,1,tag
831,visual-studio,7566,1,tag
831,wcf,67360,1,tag
832,c#,103,1,tag
832,web-services,593,1,tag
832,asp.net,3754,1,tag
834,tutorials,3218,1,tag
834,java,3846,1,tag
834,aop,107114,1,tag
837,sql-server,1685,1,tag
837,java,3846,1,tag
840,unix,1274,1,tag
840,php,1279,1,tag
841,css,215,1,tag
841,html,221,1,tag
841,javascript,10198,1,tag
841,prototype,71310,1,tag
842,software,3421,1,tag
842,beta,22153,1,tag
842,releasing,41931,1,tag
842,versions,97524,1,tag
849,management,6018,1,tag
849,productivity,13741,1,tag
849,self-improvement,26120,1,tag
849,recreational-programming,109497,1,tag
849,filenames,113635,1,tag
852,performance,1271,1,tag
852,multithreading,19669,1,tag
852,malloc,20322,1,tag
852,scalability,109420,1,tag
854,linux,3021,1,tag
854,keyboard,13532,1,tag
854,debian,49598,1,tag
856,wpf,4768,1,tag
861,algorithm,1272,1,tag
861,windows,3332,1,tag
861,graph,20850,1,tag
861,data-structures,20980,1,tag
861,winapi,29674,1,tag
861,tree,38814,1,tag
861,computer-science,47448,1,tag
863,vb6,9054,1,tag
863,code-reuse,111012,1,tag
873,osx,10245,1,tag
873,books,11209,1,tag
873,resources,27382,1,tag
873,objective-c,30934,1,tag
873,cocoa,37681,1,tag
876,php,1279,1,tag
876,web-development,8713,1,tag
876,javascript,10198,1,tag
876,design,10567,1,tag
878,books,11209,1,tag
878,recommendation,30948,1,tag
878,startups,96488,1,tag
878,entrepreneurship,113531,1,tag
886,web-services,593,1,tag
886,sharepoint,49145,1,tag
886,workflow,57545,1,tag
886,ws-security,119789,1,tag
888,embedded,9574,2,tag
888,c,19,1,tag
888,implementation,6385,1,tag
888,decisions,113202,1,tag
889,safari,162,1,tag
889,css,215,1,tag
889,linux,3021,1,tag
889,javascript,10198,1,tag
889,unit-testing,11368,1,tag
889,user-interface,12367,1,tag
889,ssh,26252,1,tag
889,internet-explorer,54716,1,tag
889,cross-browser,83967,1,tag
889,selenium,117802,1,tag
893,shell,3361,1,tag
893,scripting,6638,1,tag
893,bash,26510,1,tag
893,symlink,122242,1,tag
905,c#,103,2,tag
905,.net,321,1,tag
905,.net-3.5,594,1,tag
905,enums,76720,1,tag
905,extension-methods,114881,1,tag
905,flags,115363,1,tag
912,c++,1436,1,tag
912,windows,3332,1,tag
912,redirect,30846,1,tag
916,web,329,2,tag
916,convert,65,1,tag
916,mysql,598,1,tag
916,database,609,1,tag
916,configuration,1113,1,tag
916,sql,1587,1,tag
916,apache,4723,1,tag
916,sqlite,6528,1,tag
916,python,7730,1,tag
916,frameworks,17384,1,tag
916,web-applications,21149,1,tag
916,lamp,21959,1,tag
916,webserver,35311,1,tag
916,resin,114885,1,tag
916,caucho,114947,1,tag
917,architecture,1924,1,tag
917,svn,2584,1,tag
917,java,3846,1,tag
925,.net,321,1,tag
925,email,6360,1,tag
925,pop3,115049,1,tag
931,java,3846,1,tag
931,swing,12291,1,tag
931,career-development,96909,1,tag
931,applet,116110,1,tag
937,hacks,70418,1,tag
937,buffer-overflow,116944,1,tag
945,vb.net,93,1,tag
945,c#,103,1,tag
945,.net,321,1,tag
945,visual-studio,7566,1,tag
959,java,3846,1,tag
961,sql-server,1685,1,tag
961,plan,25955,1,tag
961,maintenance,36404,1,tag
961,rebuild,120185,1,tag
961,reorganize,120221,1,tag
972,string,492,1,tag
972,encoding,3533,1,tag
972,xml,3772,1,tag
972,java,3846,1,tag
972,serialization,65005,1,tag
973,c,19,1,tag
978,jobs,30202,2,tag
978,contracting,122693,2,tag
978,website,2411,1,tag
978,career-development,96909,1,tag
979,css,215,1,tag
979,internet-explorer-8,123267,1,tag
982,visual-studio,7566,1,tag
982,continuous-integration,10979,1,tag
982,cruisecontrol.net,16170,1,tag
982,visualsvn-server,128498,1,tag
998,windows,3332,1,tag
998,java,3846,1,tag
998,executable,45398,1,tag
998,swt,123546,1,tag
998,software-distribution,123758,1,tag
999,mysql,598,1,tag
999,replication,59349,1,tag
999,fallback,128176,1,tag
999,binary-log,128304,1,tag
1007,windows,3332,1,tag
1007,unicode,16976,1,tag
1007,opengl,123787,1,tag
1013,asp.net,3754,1,tag
1013,wpf,4768,1,tag
1013,javascript,10198,1,tag
1027,memory,1531,1,tag
1027,console,1691,1,tag
1027,windows,3332,1,tag
1027,user-interface,12367,1,tag
1027,logging,42755,1,tag
1027,rsync,127191,1,tag
1030,tsql,61055,2,tag
1030,indexing,15414,1,tag
1030,inequality,125306,1,tag
1030,sysobjects,125656,1,tag
1031,svn,2584,1,tag
1035,database,609,1,tag
1035,design-patterns,72573,1,tag
1036,css,215,1,tag
1036,browser,369,1,tag
1036,design,10567,1,tag
20207,c#,103,1,tag
20207,.net,321,1,tag
20207,wcf,67360,1,tag
20207,soa,67455,1,tag
27687,data,596,1,tag
27687,configuration,1113,1,tag
27687,language-agnostic,1273,1,tag
27687,windows,3332,1,tag
27687,java,3846,1,tag
27687,registry,15523,1,tag
27687,settings,15524,1,tag
27687,plot,30382,1,tag
27687,freeware,33271,1,tag
27687,real-time,64397,1,tag
27687,ini,104859,1,tag
27687,configuration-files,104962,1,tag
27687,rule-engine,105371,1,tag
108465,windows,3332,1,tag
108465,shell,3361,1,tag
108465,cmd,90102,1,tag
146637,php,1279,1,tag
146637,cloud,6185,1,tag
146637,arrays,6280,1,tag
146637,tag-cloud,6282,1,tag
428190,css,215,1,tag
428190,validation,11101,1,tag
428190,w3c,40192,1,tag
428190,xhtml,40198,1,tag
428190,cross-browser,83967,1,tag
